﻿{
    "Maps": [
        {
            "StageMin": 1,
            "StageMax": 1,
            "CanDuplicate": false,
            "Blocks": [
                [ 0, 0, 0, 0, 0, 0, 0, 0, 0, 0, 0, 0, 0, 0, 0, 0, 0, 0, 0, 0, 0, 0, 0 ],
                [ 0, 0, 0, 0, 0, 0, 0, 0, 0, 0, 0, 0, 0, 0, 0, 0, 0, 0, 0, 0, 0, 0, 0 ],
                [ 0, 0, 0, 0, 0, 0, 0, 0, 0, 0, 0, 0, 0, 0, 0, 0, 0, 0, 0, 0, 0, 0, 0 ],
                [ 0, 0, 0, 0, 0, 0, 0, 0, 0, 0, 0, 0, 0, 0, 0, 0, 0, 0, 0, 0, 0, 0, 0 ],
                [ 0, 0, 0, 0, 0, 0, 0, 0, 0, 0, 0, 0, 0, 0, 0, 0, 0, 0, 0, 0, 0, 0, 0 ],
                [ 0, 0, 0, 0, 0, 0, 0, 0, 0, 0, 0, 0, 0, 0, 0, 0, 0, 0, 0, 0, 0, 0, 0 ],
                [ 0, 0, 0, 0, 0, 0, 0, 0, 0, 0, 0, 0, 0, 0, 0, 0, 0, 0, 0, 0, 0, 0, 0 ],
                [ 0, 0, 0, 0, 0, 0, 0, 0, 0, 0, 0, 0, 0, 0, 0, 0, 0, 0, 0, 0, 0, 0, 0 ],
                [ 0, 0, 0, 0, 0, 0, 0, 0, 0, 0, 0, 0, 0, 0, 0, 0, 0, 0, 0, 0, 0, 0, 0 ],
                [ 0, 0, 0, 0, 0, 0, 0, 0, 0, 0, 0, 0, 0, 0, 0, 0, 0, 0, 0, 0, 0, 0, 0 ],
                [ 0, 0, 0, 0, 0, 0, 0, 0, 0, 0, 0, 0, 0, 0, 0, 0, 0, 0, 0, 0, 0, 0, 0 ]
            ],
            "Monsters": [],
            "Text": "キーボードの矢印キーを押すか、\n画面をマウスか指でスライドさせて移動し\n右のゲートをくぐり次のステージへ。"
        },
        {
            "StageMin": 2,
            "StageMax": 2,
            "CanDuplicate": false,
            "Blocks": [
                [ 0, 0, 0, 0, 0, 0, 0, 0, 0, 0, 0, 0, 0, 0, 0, 0, 0, 0, 0, 0, 0, 0, 0 ],
                [ 0, 0, 0, 0, 0, 0, 0, 0, 0, 0, 0, 0, 0, 0, 0, 0, 0, 0, 0, 0, 0, 0, 0 ],
                [ 0, 0, 0, 0, 0, 0, 0, 0, 0, 0, 0, 0, 0, 0, 0, 0, 0, 0, 0, 0, 0, 0, 0 ],
                [ 0, 0, 0, 0, 0, 0, 0, 0, 0, 0, 0, 0, 0, 0, 0, 0, 0, 0, 0, 0, 0, 0, 0 ],
                [ 0, 0, 0, 0, 0, 0, 0, 0, 0, 0, 2, 2, 2, 0, 0, 0, 0, 0, 0, 0, 0, 0, 0 ],
                [ 0, 0, 0, 0, 0, 0, 0, 0, 0, 0, 2, 0, 2, 0, 0, 0, 0, 0, 0, 0, 0, 0, 0 ],
                [ 0, 0, 0, 0, 0, 0, 0, 0, 0, 0, 2, 2, 2, 0, 0, 0, 0, 0, 0, 0, 0, 0, 0 ],
                [ 0, 0, 0, 0, 0, 0, 0, 0, 0, 0, 0, 0, 0, 0, 0, 0, 0, 0, 0, 0, 0, 0, 0 ],
                [ 0, 0, 0, 0, 0, 0, 0, 0, 0, 0, 0, 0, 0, 0, 0, 0, 0, 0, 0, 0, 0, 0, 0 ],
                [ 0, 0, 0, 0, 0, 0, 0, 0, 0, 0, 0, 0, 0, 0, 0, 0, 0, 0, 0, 0, 0, 0, 0 ],
                [ 0, 0, 0, 0, 0, 0, 0, 0, 0, 0, 0, 0, 0, 0, 0, 0, 0, 0, 0, 0, 0, 0, 0 ]
            ],
            "Monsters": [
                {
                    "Type": "Slime",
                    "Pos": [ 11, 5 ]
                }
            ],
            "Text": "移動を止めると1番近くの敵に\n自動で攻撃します。"
        },
        {
            "StageMin": 3,
            "StageMax": 3,
            "CanDuplicate": false,
            "Blocks": [
                [ 0, 0, 0, 0, 0, 0, 0, 0, 0, 0, 0, 0, 0, 0, 0, 0, 0, 0, 0, 0, 0, 0, 0 ],
                [ 0, 0, 0, 0, 0, 0, 0, 0, 0, 0, 0, 0, 0, 0, 0, 0, 0, 0, 0, 0, 0, 0, 0 ],
                [ 0, 0, 0, 0, 0, 0, 0, 0, 0, 0, 1, 0, 0, 0, 0, 0, 0, 0, 0, 0, 0, 0, 0 ],
                [ 0, 0, 0, 0, 0, 0, 0, 0, 0, 0, 1, 0, 0, 0, 0, 0, 0, 0, 0, 0, 0, 0, 0 ],
                [ 0, 0, 0, 0, 0, 0, 0, 0, 0, 0, 1, 0, 0, 0, 0, 0, 0, 0, 0, 0, 0, 0, 0 ],
                [ 0, 0, 0, 0, 0, 0, 0, 0, 0, 0, 1, 0, 0, 0, 0, 0, 0, 0, 0, 0, 0, 0, 0 ],
                [ 0, 0, 0, 0, 0, 0, 0, 0, 0, 0, 1, 0, 0, 0, 0, 0, 0, 0, 0, 0, 0, 0, 0 ],
                [ 0, 0, 0, 0, 0, 0, 0, 0, 0, 0, 1, 0, 0, 0, 0, 0, 0, 0, 0, 0, 0, 0, 0 ],
                [ 0, 0, 0, 0, 0, 0, 0, 0, 0, 0, 1, 0, 0, 0, 0, 0, 0, 0, 0, 0, 0, 0, 0 ],
                [ 0, 0, 0, 0, 0, 0, 0, 0, 0, 0, 0, 0, 0, 0, 0, 0, 0, 0, 0, 0, 0, 0, 0 ],
                [ 0, 0, 0, 0, 0, 0, 0, 0, 0, 0, 0, 0, 0, 0, 0, 0, 0, 0, 0, 0, 0, 0, 0 ]
            ],
            "Monsters": [
                {
                    "Type": "FlowerPlant",
                    "Pos": [ 13, 5 ]
                }
            ],
            "Text": "障害物を避けて、\n敵の攻撃に当たらないように敵を倒しましょう。"
        },
        {
            "StageMin": 4,
            "StageMax": 4,
            "CanDuplicate": false,
            "Blocks": [
                [ 0, 0, 0, 0, 0, 1, 0, 0, 0, 0, 0, 0, 0, 0, 0, 0, 0, 0, 0, 0, 0, 0, 0 ],
                [ 0, 0, 0, 0, 0, 1, 0, 0, 0, 0, 0, 0, 0, 0, 0, 0, 0, 0, 0, 0, 0, 0, 0 ],
                [ 0, 0, 0, 0, 0, 1, 0, 0, 0, 1, 0, 0, 0, 0, 0, 0, 0, 0, 0, 0, 0, 0, 0 ],
                [ 0, 0, 0, 0, 0, 1, 0, 0, 0, 1, 0, 0, 0, 0, 0, 0, 0, 0, 0, 0, 0, 0, 0 ],
                [ 0, 0, 0, 0, 0, 0, 0, 0, 0, 1, 0, 0, 0, 0, 0, 0, 0, 0, 0, 0, 0, 0, 0 ],
                [ 0, 0, 0, 0, 0, 0, 0, 0, 0, 1, 0, 0, 0, 0, 0, 0, 0, 0, 0, 0, 0, 0, 0 ],
                [ 0, 0, 0, 0, 0, 0, 0, 0, 0, 1, 0, 0, 0, 0, 0, 0, 0, 0, 0, 0, 0, 0, 0 ],
                [ 0, 0, 0, 0, 0, 1, 0, 0, 0, 1, 0, 0, 0, 0, 0, 0, 0, 0, 0, 0, 0, 0, 0 ],
                [ 0, 0, 0, 0, 0, 1, 0, 0, 0, 1, 0, 0, 0, 0, 0, 0, 0, 0, 0, 0, 0, 0, 0 ],
                [ 0, 0, 0, 0, 0, 1, 0, 0, 0, 0, 0, 0, 0, 0, 0, 0, 0, 0, 0, 0, 0, 0, 0 ],
                [ 0, 0, 0, 0, 0, 1, 0, 0, 0, 0, 0, 0, 0, 0, 0, 0, 0, 0, 0, 0, 0, 0, 0 ]
            ],
            "Monsters": [
                {
                    "Type": "Slime",
                    "Pos": [ 7, 2 ]
                },
                {
                    "Type": "Slime",
                    "Pos": [ 7, 8 ]
                },
                {
                    "Type": "Slime",
                    "Pos": [ 11, 5 ]
                }
            ],
            "Text": "すべての敵を倒すとゲートが開きます。\nここからが本番です。\n頑張りましょう。"
        },
        {
            "StageMin": 5,
            "StageMax": 5,
            "CanDuplicate": false,
            "Blocks": [
                [ 0, 0, 0, 0, 0, 0, 0, 0, 0, 0, 0, 0, 0, 0, 0, 0, 0, 0 ],
                [ 0, 0, 0, 0, 0, 0, 0, 0, 0, 0, 0, 0, 0, 0, 0, 0, 0, 0 ],
                [ 1, 1, 1, 1, 1, 1, 0, 0, 0, 1, 1, 1, 1, 1, 1, 0, 0, 0 ],
                [ 0, 0, 0, 0, 0, 0, 0, 0, 0, 0, 0, 0, 0, 0, 0, 0, 0, 0 ],
                [ 0, 0, 0, 0, 0, 0, 0, 0, 0, 0, 0, 0, 0, 0, 0, 0, 0, 0 ],
                [ 0, 0, 0, 0, 0, 0, 0, 0, 0, 0, 0, 0, 0, 0, 0, 0, 0, 0 ],
                [ 0, 0, 0, 0, 0, 0, 0, 0, 0, 0, 0, 0, 0, 0, 0, 0, 0, 0 ],
                [ 0, 0, 0, 0, 0, 0, 0, 0, 0, 0, 0, 0, 0, 0, 0, 0, 0, 0 ],
                [ 1, 1, 1, 1, 1, 1, 0, 0, 0, 1, 1, 1, 1, 1, 1, 0, 0, 0 ],
                [ 0, 0, 0, 0, 0, 0, 0, 0, 0, 0, 0, 0, 0, 0, 0, 0, 0, 0 ],
                [ 0, 0, 0, 0, 0, 0, 0, 0, 0, 0, 0, 0, 0, 0, 0, 0, 0, 0 ]
            ],
            "Monsters": [
                {
                    "Type": "FlowerPlant",
                    "Pos": [ 7, 2 ]
                },
                {
                    "Type": "FlowerPlant",
                    "Pos": [ 7, 8 ]
                },
                {
                    "Type": "FlowerPlant",
                    "Pos": [ 16, 2 ]
                },
                {
                    "Type": "FlowerPlant",
                    "Pos": [ 16, 8 ]
                }
            ],
            "Text": ""
        },
        {
            "StageMin": 6,
            "StageMax": 10,
            "CanDuplicate": false,
            "Blocks": [
                [ 0, 0, 0, 0, 0, 0, 0, 0, 0, 0, 0, 0 ],
                [ 0, 0, 0, 0, 0, 0, 0, 0, 0, 0, 0, 0 ],
                [ 0, 0, 0, 0, 0, 0, 0, 0, 1, 1, 1, 1 ],
                [ 0, 0, 0, 0, 0, 0, 0, 0, 0, 0, 0, 0 ],
                [ 0, 0, 0, 0, 0, 0, 0, 0, 0, 0, 0, 0 ],
                [ 0, 0, 0, 0, 0, 0, 0, 0, 0, 0, 0, 0 ],
                [ 0, 0, 0, 0, 0, 0, 0, 0, 0, 0, 0, 0 ],
                [ 0, 0, 0, 0, 0, 0, 0, 0, 0, 0, 0, 0 ],
                [ 0, 0, 0, 0, 0, 0, 0, 0, 1, 1, 1, 1 ],
                [ 0, 0, 0, 0, 0, 0, 0, 0, 0, 0, 0, 0 ],
                [ 0, 0, 0, 0, 0, 0, 0, 0, 0, 0, 0, 0 ]
            ],
            "Monsters": [
                {
                    "Type": "Golem",
                    "Pos": [ 5, 3 ]
                },
                {
                    "Type": "Golem",
                    "Pos": [ 5, 7 ]
                },
                {
                    "Type": "Bat",
                    "Pos": [ 10, 1 ]
                },
                {
                    "Type": "Bat",
                    "Pos": [ 10, 9 ]
                }
            ],
            "Text": ""
        },
        {
            "StageMin": 6,
            "StageMax": 10,
            "CanDuplicate": false,
            "Blocks": [
                [ 0, 0, 0, 0, 0, 0, 0, 0, 0, 0, 0, 0 ],
                [ 0, 0, 0, 0, 0, 0, 0, 0, 0, 0, 0, 0 ],
                [ 0, 0, 0, 1, 0, 0, 0, 0, 1, 0, 0, 0 ],
                [ 0, 0, 0, 0, 0, 0, 1, 0, 0, 0, 0, 0 ],
                [ 0, 0, 0, 0, 0, 0, 0, 0, 0, 0, 0, 0 ],
                [ 0, 0, 0, 0, 0, 0, 0, 0, 0, 0, 0, 0 ],
                [ 0, 0, 0, 0, 1, 0, 0, 0, 0, 1, 0, 0 ],
                [ 0, 0, 0, 0, 0, 0, 0, 0, 0, 0, 0, 0 ],
                [ 0, 0, 0, 0, 0, 0, 0, 1, 0, 0, 0, 0 ],
                [ 0, 0, 1, 0, 0, 0, 0, 0, 0, 0, 0, 0 ],
                [ 0, 0, 0, 0, 0, 0, 0, 0, 0, 0, 0, 0 ]
            ],
            "Monsters": [
                {
                    "Type": "FlowerPlant",
                    "Pos": [ 4, 3 ]
                },
                {
                    "Type": "FlowerPlant",
                    "Pos": [ 4, 7 ]
                },
                {
                    "Type": "Tree",
                    "Pos": [ 8, 3 ]
                },
                {
                    "Type": "Tree",
                    "Pos": [ 8, 7 ]
                }
            ],
            "Text": ""
        },
        {
            "StageMin": 6,
            "StageMax": 10,
            "CanDuplicate": false,
            "Blocks": [
                [ 0, 0, 0, 0, 0, 0, 0, 0, 0, 0, 0, 0, 0 ],
                [ 0, 0, 0, 0, 0, 0, 0, 0, 0, 0, 0, 0, 0 ],
                [ 0, 0, 0, 0, 0, 0, 0, 0, 0, 0, 0, 0, 0 ],
                [ 0, 0, 0, 0, 0, 2, 2, 2, 2, 2, 0, 0, 0 ],
                [ 0, 0, 0, 0, 0, 2, 0, 0, 0, 2, 0, 0, 0 ],
                [ 0, 0, 0, 0, 0, 2, 0, 0, 0, 2, 0, 0, 0 ],
                [ 0, 0, 0, 0, 0, 2, 0, 0, 0, 2, 0, 0, 0 ],
                [ 0, 0, 0, 0, 0, 2, 2, 2, 2, 2, 0, 0, 0 ],
                [ 0, 0, 0, 0, 0, 0, 0, 0, 0, 0, 0, 0, 0 ],
                [ 0, 0, 0, 0, 0, 0, 0, 0, 0, 0, 0, 0, 0 ],
                [ 0, 0, 0, 0, 0, 0, 0, 0, 0, 0, 0, 0, 0 ]
            ],
            "Monsters": [
                {
                    "Type": "Golem",
                    "Pos": [ 6, 4 ]
                },
                {
                    "Type": "Golem",
                    "Pos": [ 8, 6 ]
                },
                {
                    "Type": "Virus",
                    "Pos": [ 5, 2 ]
                },
                {
                    "Type": "Virus",
                    "Pos": [ 5, 8 ]
                },
                {
                    "Type": "Virus",
                    "Pos": [ 10, 3 ]
                },
                {
                    "Type": "Virus",
                    "Pos": [ 10, 7 ]
                }
            ],
            "Text": ""
        },
        {
            "StageMin": 6,
            "StageMax": 10,
            "CanDuplicate": false,
            "Blocks": [
                [ 0, 0, 0, 0, 0, 0, 0, 0, 0, 0, 0, 0, 0, 0 ],
                [ 0, 0, 0, 0, 0, 0, 1, 0, 0, 0, 0, 0, 0, 0 ],
                [ 0, 0, 0, 0, 0, 0, 1, 0, 0, 0, 0, 0, 0, 0 ],
                [ 0, 0, 0, 0, 0, 0, 1, 0, 0, 0, 0, 0, 0, 0 ],
                [ 0, 0, 0, 0, 0, 0, 0, 0, 0, 0, 1, 0, 0, 0 ],
                [ 0, 0, 0, 0, 0, 0, 0, 0, 0, 0, 1, 0, 0, 0 ],
                [ 0, 0, 0, 0, 0, 0, 0, 0, 0, 0, 1, 0, 0, 0 ],
                [ 0, 0, 0, 0, 0, 0, 1, 0, 0, 0, 0, 0, 0, 0 ],
                [ 0, 0, 0, 0, 0, 0, 1, 0, 0, 0, 0, 0, 0, 0 ],
                [ 0, 0, 0, 0, 0, 0, 1, 0, 0, 0, 0, 0, 0, 0 ],
                [ 0, 0, 0, 0, 0, 0, 0, 0, 0, 0, 0, 0, 0, 0 ]
            ],
            "Monsters": [
                {
                    "Type": "FlowerPlant",
                    "Pos": [ 3, 3 ]
                },
                {
                    "Type": "FlowerPlant",
                    "Pos": [ 3, 7 ]
                },
                {
                    "Type": "FlowerPlant",
                    "Pos": [ 8, 2 ]
                },
                {
                    "Type": "FlowerPlant",
                    "Pos": [ 8, 8 ]
                },
                {
                    "Type": "FlowerPlant",
                    "Pos": [ 12, 5 ]
                }
            ],
            "Text": ""
        },
        {
            "StageMin": 6,
            "StageMax": 10,
            "CanDuplicate": false,
            "Blocks": [
                [ 0, 0, 0, 0, 0, 0, 0, 0, 0, 0, 0 ],
                [ 0, 0, 1, 0, 0, 0, 0, 0, 1, 0, 0 ],
                [ 0, 1, 1, 0, 0, 2, 0, 0, 1, 1, 0 ],
                [ 0, 0, 0, 0, 0, 2, 0, 0, 0, 0, 0 ],
                [ 0, 0, 0, 0, 0, 0, 0, 0, 0, 0, 0 ],
                [ 0, 0, 2, 2, 0, 0, 0, 2, 2, 0, 0 ],
                [ 0, 0, 0, 0, 0, 0, 0, 0, 0, 0, 0 ],
                [ 0, 0, 0, 0, 0, 2, 0, 0, 0, 0, 0 ],
                [ 0, 1, 1, 0, 0, 2, 0, 0, 1, 1, 0 ],
                [ 0, 0, 1, 0, 0, 0, 0, 0, 1, 0, 0 ],
                [ 0, 0, 0, 0, 0, 0, 0, 0, 0, 0, 0 ]
            ],
            "Monsters": [
                {
                    "Type": "Bat",
                    "Pos": [ 1, 1 ]
                },
                {
                    "Type": "Bat",
                    "Pos": [ 1, 9 ]
                },
                {
                    "Type": "Bat",
                    "Pos": [ 9, 1 ]
                },
                {
                    "Type": "Bat",
                    "Pos": [ 9, 9 ]
                },
                {
                    "Type": "Tree",
                    "Pos": [ 5, 5 ]
                }
            ],
            "Text": ""
        },
        {
            "StageMin": 6,
            "StageMax": 10,
            "CanDuplicate": false,
            "Blocks": [
                [ 0, 0, 0, 0, 0, 0, 0, 0, 0, 0, 0, 0, 0 ],
                [ 0, 0, 0, 0, 0, 0, 0, 0, 0, 0, 0, 0, 0 ],
                [ 0, 0, 0, 2, 2, 0, 0, 0, 2, 2, 0, 0, 0 ],
                [ 0, 0, 0, 2, 2, 0, 0, 0, 2, 2, 0, 0, 0 ],
                [ 0, 0, 0, 0, 0, 0, 0, 0, 0, 0, 0, 0, 0 ],
                [ 0, 0, 0, 0, 0, 0, 0, 0, 0, 0, 0, 0, 0 ],
                [ 0, 0, 0, 0, 0, 0, 0, 0, 0, 0, 0, 0, 0 ],
                [ 0, 0, 0, 2, 2, 0, 0, 0, 2, 2, 0, 0, 0 ],
                [ 0, 0, 0, 2, 2, 0, 0, 0, 2, 2, 0, 0, 0 ],
                [ 0, 0, 0, 0, 0, 0, 0, 0, 0, 0, 0, 0, 0 ],
                [ 0, 0, 0, 0, 0, 0, 0, 0, 0, 0, 0, 0, 0 ]
            ],
            "Monsters": [
                {
                    "Type": "Slime",
                    "Pos": [ 4, 5 ]
                },
                {
                    "Type": "Slime",
                    "Pos": [ 6, 1 ]
                },
                {
                    "Type": "Slime",
                    "Pos": [ 6, 3 ]
                },
                {
                    "Type": "Slime",
                    "Pos": [ 6, 5 ]
                },
                {
                    "Type": "Slime",
                    "Pos": [ 6, 7 ]
                },
                {
                    "Type": "Slime",
                    "Pos": [ 6, 9 ]
                },
                {
                    "Type": "Slime",
                    "Pos": [ 8, 5 ]
                },
                {
                    "Type": "Slime",
                    "Pos": [ 10, 5 ]
                }
            ],
            "Text": ""
        },
        {
            "StageMin": 11,
            "StageMax": 0,
            "CanDuplicate": true,
            "Blocks": [
                [ 0, 0, 0, 0, 0, 0, 0, 0, 0, 0, 0, 0 ],
                [ 0, 0, 0, 0, 0, 0, 0, 0, 0, 0, 0, 0 ],
                [ 0, 0, 0, 0, 1, 1, 1, 0, 1, 1, 0, 0 ],
                [ 0, 0, 0, 0, 0, 0, 0, 0, 0, 1, 0, 0 ],
                [ 0, 0, 0, 0, 1, 0, 0, 0, 0, 1, 0, 0 ],
                [ 0, 0, 0, 0, 1, 1, 1, 1, 0, 0, 0, 0 ],
                [ 0, 0, 0, 0, 1, 0, 0, 0, 0, 1, 0, 0 ],
                [ 0, 0, 0, 0, 0, 0, 0, 0, 0, 1, 0, 0 ],
                [ 0, 0, 0, 0, 1, 1, 1, 0, 1, 1, 0, 0 ],
                [ 0, 0, 0, 0, 0, 0, 0, 0, 0, 0, 0, 0 ],
                [ 0, 0, 0, 0, 0, 0, 0, 0, 0, 0, 0, 0 ]
            ],
            "Monsters": [
                {
                    "Type": "",
                    "Pos": [ 2, 2 ]
                },
                {
                    "Type": "",
                    "Pos": [ 2, 8 ]
                },
                {
                    "Type": "",
                    "Pos": [ 6, 4 ]
                },
                {
                    "Type": "",
                    "Pos": [ 6, 6 ]
                },
                {
                    "Type": "",
                    "Pos": [ 10, 1 ]
                },
                {
                    "Type": "",
                    "Pos": [ 10, 9 ]
                }
            ],
            "Text": ""
        },
        {
            "StageMin": 11,
            "StageMax": 0,
            "CanDuplicate": true,
            "Blocks": [
                [ 0, 0, 0, 0, 0, 0, 0, 0, 0, 0, 0, 0, 0 ],
                [ 0, 0, 0, 0, 0, 0, 0, 0, 0, 0, 0, 0, 0 ],
                [ 0, 2, 2, 2, 2, 2, 0, 2, 2, 2, 2, 2, 0 ],
                [ 0, 0, 0, 0, 0, 0, 0, 0, 0, 0, 0, 0, 0 ],
                [ 0, 0, 0, 0, 0, 0, 0, 0, 0, 0, 0, 0, 0 ],
                [ 0, 0, 0, 0, 0, 0, 0, 0, 0, 0, 0, 0, 0 ],
                [ 0, 0, 0, 0, 0, 0, 0, 0, 0, 0, 0, 0, 0 ],
                [ 0, 0, 0, 0, 0, 0, 0, 0, 0, 0, 0, 0, 0 ],
                [ 0, 2, 2, 2, 2, 2, 0, 2, 2, 2, 2, 2, 0 ],
                [ 0, 0, 0, 0, 0, 0, 0, 0, 0, 0, 0, 0, 0 ],
                [ 0, 0, 0, 0, 0, 0, 0, 0, 0, 0, 0, 0, 0 ]
            ],
            "Monsters": [
                {
                    "Type": "",
                    "Pos": [ 4, 4 ]
                },
                {
                    "Type": "",
                    "Pos": [ 4, 6 ]
                },
                {
                    "Type": "",
                    "Pos": [ 9, 1 ]
                },
                {
                    "Type": "",
                    "Pos": [ 9, 9 ]
                },
                {
                    "Type": "",
                    "Pos": [ 10, 4 ]
                },
                {
                    "Type": "",
                    "Pos": [ 10, 6 ]
                }
            ],
            "Text": ""
        },
        {
            "StageMin": 11,
            "StageMax": 0,
            "CanDuplicate": true,
            "Blocks": [
                [ 1, 0, 0, 0, 0, 0, 0, 0, 0, 0, 1 ],
                [ 0, 1, 0, 0, 0, 0, 0, 0, 0, 1, 0 ],
                [ 0, 0, 1, 0, 0, 0, 0, 0, 1, 0, 0 ],
                [ 0, 0, 0, 1, 0, 0, 0, 1, 0, 0, 0 ],
                [ 0, 0, 0, 0, 0, 0, 0, 0, 0, 0, 0 ],
                [ 0, 0, 0, 0, 0, 1, 0, 0, 0, 0, 0 ],
                [ 0, 0, 0, 0, 0, 0, 0, 0, 0, 0, 0 ],
                [ 0, 0, 0, 1, 0, 0, 0, 1, 0, 0, 0 ],
                [ 0, 0, 1, 0, 0, 0, 0, 0, 1, 0, 0 ],
                [ 0, 1, 0, 0, 0, 0, 0, 0, 0, 1, 0 ],
                [ 1, 0, 0, 0, 0, 0, 0, 0, 0, 0, 1 ]
            ],
            "Monsters": [
                {
                    "Type": "",
                    "Pos": [ 4, 1 ]
                },
                {
                    "Type": "",
                    "Pos": [ 4, 9 ]
                },
                {
                    "Type": "",
                    "Pos": [ 6, 1 ]
                },
                {
                    "Type": "",
                    "Pos": [ 6, 9 ]
                },
                {
                    "Type": "",
                    "Pos": [ 9, 4 ]
                },
                {
                    "Type": "",
                    "Pos": [ 9, 6 ]
                }
            ],
            "Text": ""
        },
        {
            "StageMin": 11,
            "StageMax": 0,
            "CanDuplicate": false,
            "Blocks": [
                [ 0, 0, 0, 0, 0, 0, 0, 0, 0, 0, 0, 0, 0 ],
                [ 0, 1, 1, 1, 1, 1, 1, 1, 0, 1, 1, 1, 0 ],
                [ 0, 0, 0, 1, 0, 0, 0, 1, 0, 0, 0, 1, 0 ],
                [ 0, 1, 1, 1, 1, 1, 0, 1, 0, 1, 1, 1, 1 ],
                [ 0, 1, 0, 0, 0, 1, 0, 0, 0, 1, 0, 1, 0 ],
                [ 0, 1, 0, 1, 1, 1, 0, 1, 1, 1, 0, 1, 0 ],
                [ 0, 1, 0, 1, 0, 0, 0, 0, 0, 0, 0, 1, 0 ],
                [ 0, 1, 0, 1, 0, 1, 1, 1, 1, 1, 1, 1, 0 ],
                [ 0, 0, 0, 1, 0, 0, 0, 0, 0, 0, 0, 0, 0 ],
                [ 1, 1, 0, 1, 1, 1, 1, 1, 0, 1, 1, 1, 1 ],
                [ 0, 0, 0, 0, 0, 0, 0, 1, 0, 0, 0, 0, 0 ]
            ],
            "Monsters": [
                {
                    "Type": "",
                    "Pos": [ 2, 8 ]
                },
                {
                    "Type": "",
                    "Pos": [ 4, 0 ]
                },
                {
                    "Type": "",
                    "Pos": [ 8, 2 ]
                },
                {
                    "Type": "",
                    "Pos": [ 10, 4 ]
                },
                {
                    "Type": "",
                    "Pos": [ 12, 2 ]
                },
                {
                    "Type": "",
                    "Pos": [ 12, 10 ]
                }
            ],
            "Text": ""
        }
    ]
}
